001_01.PNG,001_02.PNG,001_03.PNG,001_04.PNG,001_05.PNG,1,Train
001_01.PNG,001_02.PNG,001_03.PNG,001_04.PNG,001_06.PNG,1,Train
001_01.PNG,001_02.PNG,001_03.PNG,001_04.PNG,001_07.PNG,1,Train
001_01.PNG,001_02.PNG,001_03.PNG,001_04.PNG,001_08.PNG,1,Train
001_01.PNG,001_02.PNG,001_03.PNG,001_04.PNG,001_09.PNG,1,Train
001_01.PNG,001_02.PNG,001_03.PNG,001_04.PNG,001_10.PNG,1,Train
001_01.PNG,001_02.PNG,001_03.PNG,001_04.PNG,001_11.PNG,1,Train
001_01.PNG,001_02.PNG,001_03.PNG,001_04.PNG,001_12.PNG,1,Train
001_01.PNG,001_02.PNG,001_03.PNG,001_04.PNG,001_13.PNG,1,Train
001_01.PNG,001_02.PNG,001_03.PNG,001_04.PNG,001_14.PNG,1,Train
001_01.PNG,001_02.PNG,001_03.PNG,001_04.PNG,001_15.PNG,1,Train
001_01.PNG,001_02.PNG,001_03.PNG,001_04.PNG,001_16.PNG,1,Train
001_01.PNG,001_02.PNG,001_03.PNG,001_04.PNG,001_17.PNG,1,Train
001_01.PNG,001_02.PNG,001_03.PNG,001_04.PNG,001_18.PNG,1,Train
001_01.PNG,001_02.PNG,001_03.PNG,001_04.PNG,001_19.PNG,1,Train
001_01.PNG,001_02.PNG,001_03.PNG,001_04.PNG,001_20.PNG,1,Train
001_01.PNG,001_02.PNG,001_03.PNG,001_04.PNG,001_21.PNG,1,Train
001_01.PNG,001_02.PNG,001_03.PNG,001_04.PNG,001_22.PNG,1,Train
001_01.PNG,001_02.PNG,001_03.PNG,001_04.PNG,001_23.PNG,1,Train
001_01.PNG,001_02.PNG,001_03.PNG,001_04.PNG,001_24.PNG,1,Train
001_01.PNG,001_02.PNG,001_03.PNG,001_04.PNG,0119001_01.png,0,Train
001_01.PNG,001_02.PNG,001_03.PNG,001_04.PNG,0119001_02.png,0,Train
001_01.PNG,001_02.PNG,001_03.PNG,001_04.PNG,0119001_03.png,0,Train
001_01.PNG,001_02.PNG,001_03.PNG,001_04.PNG,0119001_04.png,0,Train
001_01.PNG,001_02.PNG,001_03.PNG,001_04.PNG,0201001_01.png,0,Train
001_01.PNG,001_02.PNG,001_03.PNG,001_04.PNG,0201001_02.png,0,Train
001_01.PNG,001_02.PNG,001_03.PNG,001_04.PNG,0201001_03.png,0,Train
001_01.PNG,001_02.PNG,001_03.PNG,001_04.PNG,0201001_04.png,0,Train
002_01.PNG,002_02.PNG,002_03.PNG,002_04.PNG,002_05.PNG,1,Train
002_01.PNG,002_02.PNG,002_03.PNG,002_04.PNG,002_06.PNG,1,Train
002_01.PNG,002_02.PNG,002_03.PNG,002_04.PNG,002_07.PNG,1,Train
002_01.PNG,002_02.PNG,002_03.PNG,002_04.PNG,002_08.PNG,1,Train
002_01.PNG,002_02.PNG,002_03.PNG,002_04.PNG,002_09.PNG,1,Train
002_01.PNG,002_02.PNG,002_03.PNG,002_04.PNG,002_10.PNG,1,Train
002_01.PNG,002_02.PNG,002_03.PNG,002_04.PNG,002_11.PNG,1,Train
002_01.PNG,002_02.PNG,002_03.PNG,002_04.PNG,002_12.PNG,1,Train
002_01.PNG,002_02.PNG,002_03.PNG,002_04.PNG,002_13.PNG,1,Train
002_01.PNG,002_02.PNG,002_03.PNG,002_04.PNG,002_14.PNG,1,Train
002_01.PNG,002_02.PNG,002_03.PNG,002_04.PNG,002_15.PNG,1,Train
002_01.PNG,002_02.PNG,002_03.PNG,002_04.PNG,002_16.PNG,1,Train
002_01.PNG,002_02.PNG,002_03.PNG,002_04.PNG,002_17.PNG,1,Train
002_01.PNG,002_02.PNG,002_03.PNG,002_04.PNG,002_18.PNG,1,Train
002_01.PNG,002_02.PNG,002_03.PNG,002_04.PNG,002_19.PNG,1,Train
002_01.PNG,002_02.PNG,002_03.PNG,002_04.PNG,002_20.PNG,1,Train
002_01.PNG,002_02.PNG,002_03.PNG,002_04.PNG,002_21.PNG,1,Train
002_01.PNG,002_02.PNG,002_03.PNG,002_04.PNG,002_22.PNG,1,Train
002_01.PNG,002_02.PNG,002_03.PNG,002_04.PNG,002_23.PNG,1,Train
002_01.PNG,002_02.PNG,002_03.PNG,002_04.PNG,002_24.PNG,1,Train
002_01.PNG,002_02.PNG,002_03.PNG,002_04.PNG,0108002_01.png,0,Train
002_01.PNG,002_02.PNG,002_03.PNG,002_04.PNG,0108002_02.png,0,Train
002_01.PNG,002_02.PNG,002_03.PNG,002_04.PNG,0108002_03.png,0,Train
002_01.PNG,002_02.PNG,002_03.PNG,002_04.PNG,0108002_04.png,0,Train
002_01.PNG,002_02.PNG,002_03.PNG,002_04.PNG,0110002_01.png,0,Train
002_01.PNG,002_02.PNG,002_03.PNG,002_04.PNG,0110002_02.png,0,Train
002_01.PNG,002_02.PNG,002_03.PNG,002_04.PNG,0110002_03.png,0,Train
002_01.PNG,002_02.PNG,002_03.PNG,002_04.PNG,0110002_04.png,0,Train
002_01.PNG,002_02.PNG,002_03.PNG,002_04.PNG,0118002_01.png,0,Train
002_01.PNG,002_02.PNG,002_03.PNG,002_04.PNG,0118002_02.png,0,Train
002_01.PNG,002_02.PNG,002_03.PNG,002_04.PNG,0118002_03.png,0,Train
002_01.PNG,002_02.PNG,002_03.PNG,002_04.PNG,0118002_04.png,0,Train
003_01.PNG,003_02.PNG,003_03.PNG,003_04.PNG,003_05.PNG,1,Train
003_01.PNG,003_02.PNG,003_03.PNG,003_04.PNG,003_06.PNG,1,Train
003_01.PNG,003_02.PNG,003_03.PNG,003_04.PNG,003_07.PNG,1,Train
003_01.PNG,003_02.PNG,003_03.PNG,003_04.PNG,003_08.PNG,1,Train
003_01.PNG,003_02.PNG,003_03.PNG,003_04.PNG,003_09.PNG,1,Train
003_01.PNG,003_02.PNG,003_03.PNG,003_04.PNG,003_10.PNG,1,Train
003_01.PNG,003_02.PNG,003_03.PNG,003_04.PNG,003_11.PNG,1,Train
003_01.PNG,003_02.PNG,003_03.PNG,003_04.PNG,003_12.PNG,1,Train
003_01.PNG,003_02.PNG,003_03.PNG,003_04.PNG,003_13.PNG,1,Train
003_01.PNG,003_02.PNG,003_03.PNG,003_04.PNG,003_14.PNG,1,Train
003_01.PNG,003_02.PNG,003_03.PNG,003_04.PNG,003_15.PNG,1,Train
003_01.PNG,003_02.PNG,003_03.PNG,003_04.PNG,003_16.PNG,1,Train
003_01.PNG,003_02.PNG,003_03.PNG,003_04.PNG,003_17.PNG,1,Train
003_01.PNG,003_02.PNG,003_03.PNG,003_04.PNG,003_18.PNG,1,Train
003_01.PNG,003_02.PNG,003_03.PNG,003_04.PNG,003_19.PNG,1,Train
003_01.PNG,003_02.PNG,003_03.PNG,003_04.PNG,003_20.PNG,1,Train
003_01.PNG,003_02.PNG,003_03.PNG,003_04.PNG,003_21.PNG,1,Train
003_01.PNG,003_02.PNG,003_03.PNG,003_04.PNG,003_22.PNG,1,Train
003_01.PNG,003_02.PNG,003_03.PNG,003_04.PNG,003_23.PNG,1,Train
003_01.PNG,003_02.PNG,003_03.PNG,003_04.PNG,003_24.PNG,1,Train
003_01.PNG,003_02.PNG,003_03.PNG,003_04.PNG,0121003_01.png,0,Train
003_01.PNG,003_02.PNG,003_03.PNG,003_04.PNG,0121003_02.png,0,Train
003_01.PNG,003_02.PNG,003_03.PNG,003_04.PNG,0121003_03.png,0,Train
003_01.PNG,003_02.PNG,003_03.PNG,003_04.PNG,0121003_04.png,0,Train
003_01.PNG,003_02.PNG,003_03.PNG,003_04.PNG,0126003_01.png,0,Train
003_01.PNG,003_02.PNG,003_03.PNG,003_04.PNG,0126003_02.png,0,Train
003_01.PNG,003_02.PNG,003_03.PNG,003_04.PNG,0126003_03.png,0,Train
003_01.PNG,003_02.PNG,003_03.PNG,003_04.PNG,0126003_04.png,0,Train
003_01.PNG,003_02.PNG,003_03.PNG,003_04.PNG,0206003_01.png,0,Train
003_01.PNG,003_02.PNG,003_03.PNG,003_04.PNG,0206003_02.png,0,Train
003_01.PNG,003_02.PNG,003_03.PNG,003_04.PNG,0206003_03.png,0,Train
003_01.PNG,003_02.PNG,003_03.PNG,003_04.PNG,0206003_04.png,0,Train
004_01.PNG,004_02.PNG,004_03.PNG,004_04.PNG,004_05.PNG,1,Train
004_01.PNG,004_02.PNG,004_03.PNG,004_04.PNG,004_06.PNG,1,Train
004_01.PNG,004_02.PNG,004_03.PNG,004_04.PNG,004_07.PNG,1,Train
004_01.PNG,004_02.PNG,004_03.PNG,004_04.PNG,004_08.PNG,1,Train
004_01.PNG,004_02.PNG,004_03.PNG,004_04.PNG,004_09.PNG,1,Train
004_01.PNG,004_02.PNG,004_03.PNG,004_04.PNG,004_10.PNG,1,Train
004_01.PNG,004_02.PNG,004_03.PNG,004_04.PNG,004_11.PNG,1,Train
004_01.PNG,004_02.PNG,004_03.PNG,004_04.PNG,004_12.PNG,1,Train
004_01.PNG,004_02.PNG,004_03.PNG,004_04.PNG,004_13.PNG,1,Train
004_01.PNG,004_02.PNG,004_03.PNG,004_04.PNG,004_14.PNG,1,Train
004_01.PNG,004_02.PNG,004_03.PNG,004_04.PNG,004_15.PNG,1,Train
004_01.PNG,004_02.PNG,004_03.PNG,004_04.PNG,004_16.PNG,1,Train
004_01.PNG,004_02.PNG,004_03.PNG,004_04.PNG,004_17.PNG,1,Train
004_01.PNG,004_02.PNG,004_03.PNG,004_04.PNG,004_18.PNG,1,Train
004_01.PNG,004_02.PNG,004_03.PNG,004_04.PNG,004_19.PNG,1,Train
004_01.PNG,004_02.PNG,004_03.PNG,004_04.PNG,004_20.PNG,1,Train
004_01.PNG,004_02.PNG,004_03.PNG,004_04.PNG,004_21.PNG,1,Train
004_01.PNG,004_02.PNG,004_03.PNG,004_04.PNG,004_22.PNG,1,Train
004_01.PNG,004_02.PNG,004_03.PNG,004_04.PNG,004_23.PNG,1,Train
004_01.PNG,004_02.PNG,004_03.PNG,004_04.PNG,004_24.PNG,1,Train
004_01.PNG,004_02.PNG,004_03.PNG,004_04.PNG,0103004_02.png,0,Train
004_01.PNG,004_02.PNG,004_03.PNG,004_04.PNG,0103004_03.png,0,Train
004_01.PNG,004_02.PNG,004_03.PNG,004_04.PNG,0103004_04.png,0,Train
004_01.PNG,004_02.PNG,004_03.PNG,004_04.PNG,0105004_01.png,0,Train
004_01.PNG,004_02.PNG,004_03.PNG,004_04.PNG,0105004_02.png,0,Train
004_01.PNG,004_02.PNG,004_03.PNG,004_04.PNG,0105004_03.png,0,Train
004_01.PNG,004_02.PNG,004_03.PNG,004_04.PNG,0105004_04.png,0,Train
004_01.PNG,004_02.PNG,004_03.PNG,004_04.PNG,0124004_01.png,0,Train
004_01.PNG,004_02.PNG,004_03.PNG,004_04.PNG,0124004_02.png,0,Train
004_01.PNG,004_02.PNG,004_03.PNG,004_04.PNG,0124004_03.png,0,Train
004_01.PNG,004_02.PNG,004_03.PNG,004_04.PNG,0124004_04.png,0,Train
006_01.PNG,006_02.PNG,006_03.PNG,006_04.PNG,006_05.PNG,1,Train
006_01.PNG,006_02.PNG,006_03.PNG,006_04.PNG,006_06.PNG,1,Train
006_01.PNG,006_02.PNG,006_03.PNG,006_04.PNG,006_07.PNG,1,Train
006_01.PNG,006_02.PNG,006_03.PNG,006_04.PNG,006_08.PNG,1,Train
006_01.PNG,006_02.PNG,006_03.PNG,006_04.PNG,006_09.PNG,1,Train
006_01.PNG,006_02.PNG,006_03.PNG,006_04.PNG,006_10.PNG,1,Train
006_01.PNG,006_02.PNG,006_03.PNG,006_04.PNG,006_11.PNG,1,Train
006_01.PNG,006_02.PNG,006_03.PNG,006_04.PNG,006_12.PNG,1,Train
006_01.PNG,006_02.PNG,006_03.PNG,006_04.PNG,006_13.PNG,1,Train
006_01.PNG,006_02.PNG,006_03.PNG,006_04.PNG,006_14.PNG,1,Train
006_01.PNG,006_02.PNG,006_03.PNG,006_04.PNG,006_15.PNG,1,Train
006_01.PNG,006_02.PNG,006_03.PNG,006_04.PNG,006_16.PNG,1,Train
006_01.PNG,006_02.PNG,006_03.PNG,006_04.PNG,006_17.PNG,1,Train
006_01.PNG,006_02.PNG,006_03.PNG,006_04.PNG,006_18.PNG,1,Train
006_01.PNG,006_02.PNG,006_03.PNG,006_04.PNG,006_19.PNG,1,Train
006_01.PNG,006_02.PNG,006_03.PNG,006_04.PNG,006_20.PNG,1,Train
006_01.PNG,006_02.PNG,006_03.PNG,006_04.PNG,006_21.PNG,1,Train
006_01.PNG,006_02.PNG,006_03.PNG,006_04.PNG,006_22.PNG,1,Train
006_01.PNG,006_02.PNG,006_03.PNG,006_04.PNG,006_23.PNG,1,Train
006_01.PNG,006_02.PNG,006_03.PNG,006_04.PNG,006_24.PNG,1,Train
006_01.PNG,006_02.PNG,006_03.PNG,006_04.PNG,0111006_01.png,0,Train
006_01.PNG,006_02.PNG,006_03.PNG,006_04.PNG,0111006_02.png,0,Train
006_01.PNG,006_02.PNG,006_03.PNG,006_04.PNG,0111006_03.png,0,Train
006_01.PNG,006_02.PNG,006_03.PNG,006_04.PNG,0111006_04.png,0,Train
006_01.PNG,006_02.PNG,006_03.PNG,006_04.PNG,0202006_01.png,0,Train
006_01.PNG,006_02.PNG,006_03.PNG,006_04.PNG,0202006_02.png,0,Train
006_01.PNG,006_02.PNG,006_03.PNG,006_04.PNG,0202006_03.png,0,Train
006_01.PNG,006_02.PNG,006_03.PNG,006_04.PNG,0202006_04.png,0,Train
006_01.PNG,006_02.PNG,006_03.PNG,006_04.PNG,0205006_01.png,0,Train
006_01.PNG,006_02.PNG,006_03.PNG,006_04.PNG,0205006_02.png,0,Train
006_01.PNG,006_02.PNG,006_03.PNG,006_04.PNG,0205006_03.png,0,Train
006_01.PNG,006_02.PNG,006_03.PNG,006_04.PNG,0205006_04.png,0,Train
009_01.PNG,009_02.PNG,009_03.PNG,009_04.PNG,009_05.PNG,1,Train
009_01.PNG,009_02.PNG,009_03.PNG,009_04.PNG,009_06.PNG,1,Train
009_01.PNG,009_02.PNG,009_03.PNG,009_04.PNG,009_07.PNG,1,Train
009_01.PNG,009_02.PNG,009_03.PNG,009_04.PNG,009_08.PNG,1,Train
009_01.PNG,009_02.PNG,009_03.PNG,009_04.PNG,009_09.PNG,1,Train
009_01.PNG,009_02.PNG,009_03.PNG,009_04.PNG,009_10.PNG,1,Train
009_01.PNG,009_02.PNG,009_03.PNG,009_04.PNG,009_11.PNG,1,Train
009_01.PNG,009_02.PNG,009_03.PNG,009_04.PNG,009_12.PNG,1,Train
009_01.PNG,009_02.PNG,009_03.PNG,009_04.PNG,009_13.PNG,1,Train
009_01.PNG,009_02.PNG,009_03.PNG,009_04.PNG,009_14.PNG,1,Train
009_01.PNG,009_02.PNG,009_03.PNG,009_04.PNG,009_15.PNG,1,Train
009_01.PNG,009_02.PNG,009_03.PNG,009_04.PNG,009_16.PNG,1,Train
009_01.PNG,009_02.PNG,009_03.PNG,009_04.PNG,009_17.PNG,1,Train
009_01.PNG,009_02.PNG,009_03.PNG,009_04.PNG,009_18.PNG,1,Train
009_01.PNG,009_02.PNG,009_03.PNG,009_04.PNG,009_19.PNG,1,Train
009_01.PNG,009_02.PNG,009_03.PNG,009_04.PNG,009_20.PNG,1,Train
009_01.PNG,009_02.PNG,009_03.PNG,009_04.PNG,009_21.PNG,1,Train
009_01.PNG,009_02.PNG,009_03.PNG,009_04.PNG,009_22.PNG,1,Train
009_01.PNG,009_02.PNG,009_03.PNG,009_04.PNG,009_23.PNG,1,Train
009_01.PNG,009_02.PNG,009_03.PNG,009_04.PNG,009_24.PNG,1,Train
009_01.PNG,009_02.PNG,009_03.PNG,009_04.PNG,0117009_01.png,0,Train
009_01.PNG,009_02.PNG,009_03.PNG,009_04.PNG,0117009_02.png,0,Train
009_01.PNG,009_02.PNG,009_03.PNG,009_04.PNG,0117009_03.png,0,Train
009_01.PNG,009_02.PNG,009_03.PNG,009_04.PNG,0117009_04.png,0,Train
009_01.PNG,009_02.PNG,009_03.PNG,009_04.PNG,0123009_01.png,0,Train
009_01.PNG,009_02.PNG,009_03.PNG,009_04.PNG,0123009_02.png,0,Train
009_01.PNG,009_02.PNG,009_03.PNG,009_04.PNG,0123009_03.png,0,Train
009_01.PNG,009_02.PNG,009_03.PNG,009_04.PNG,0123009_04.png,0,Train
009_01.PNG,009_02.PNG,009_03.PNG,009_04.PNG,0201009_01.png,0,Train
009_01.PNG,009_02.PNG,009_03.PNG,009_04.PNG,0201009_02.png,0,Train
009_01.PNG,009_02.PNG,009_03.PNG,009_04.PNG,0201009_03.png,0,Train
009_01.PNG,009_02.PNG,009_03.PNG,009_04.PNG,0201009_04.png,0,Train
012_01.PNG,012_02.PNG,012_03.PNG,012_04.PNG,012_05.PNG,1,Train
012_01.PNG,012_02.PNG,012_03.PNG,012_04.PNG,012_06.PNG,1,Train
012_01.PNG,012_02.PNG,012_03.PNG,012_04.PNG,012_07.PNG,1,Train
012_01.PNG,012_02.PNG,012_03.PNG,012_04.PNG,012_08.PNG,1,Train
012_01.PNG,012_02.PNG,012_03.PNG,012_04.PNG,012_09.PNG,1,Train
012_01.PNG,012_02.PNG,012_03.PNG,012_04.PNG,012_10.PNG,1,Train
012_01.PNG,012_02.PNG,012_03.PNG,012_04.PNG,012_11.PNG,1,Train
012_01.PNG,012_02.PNG,012_03.PNG,012_04.PNG,012_12.PNG,1,Train
012_01.PNG,012_02.PNG,012_03.PNG,012_04.PNG,012_13.PNG,1,Train
012_01.PNG,012_02.PNG,012_03.PNG,012_04.PNG,012_14.PNG,1,Train
012_01.PNG,012_02.PNG,012_03.PNG,012_04.PNG,012_15.PNG,1,Train
012_01.PNG,012_02.PNG,012_03.PNG,012_04.PNG,012_16.PNG,1,Train
012_01.PNG,012_02.PNG,012_03.PNG,012_04.PNG,012_17.PNG,1,Train
012_01.PNG,012_02.PNG,012_03.PNG,012_04.PNG,012_18.PNG,1,Train
012_01.PNG,012_02.PNG,012_03.PNG,012_04.PNG,012_19.PNG,1,Train
012_01.PNG,012_02.PNG,012_03.PNG,012_04.PNG,012_20.PNG,1,Train
012_01.PNG,012_02.PNG,012_03.PNG,012_04.PNG,012_21.PNG,1,Train
012_01.PNG,012_02.PNG,012_03.PNG,012_04.PNG,012_22.PNG,1,Train
012_01.PNG,012_02.PNG,012_03.PNG,012_04.PNG,012_23.PNG,1,Train
012_01.PNG,012_02.PNG,012_03.PNG,012_04.PNG,012_24.PNG,1,Train
012_01.PNG,012_02.PNG,012_03.PNG,012_04.PNG,0113012_01.png,0,Train
012_01.PNG,012_02.PNG,012_03.PNG,012_04.PNG,0113012_02.png,0,Train
012_01.PNG,012_02.PNG,012_03.PNG,012_04.PNG,0113012_03.png,0,Train
012_01.PNG,012_02.PNG,012_03.PNG,012_04.PNG,0113012_04.png,0,Train
012_01.PNG,012_02.PNG,012_03.PNG,012_04.PNG,0206012_01.png,0,Train
012_01.PNG,012_02.PNG,012_03.PNG,012_04.PNG,0206012_02.png,0,Train
012_01.PNG,012_02.PNG,012_03.PNG,012_04.PNG,0206012_03.png,0,Train
012_01.PNG,012_02.PNG,012_03.PNG,012_04.PNG,0206012_04.png,0,Train
012_01.PNG,012_02.PNG,012_03.PNG,012_04.PNG,0210012_01.png,0,Train
012_01.PNG,012_02.PNG,012_03.PNG,012_04.PNG,0210012_02.png,0,Train
012_01.PNG,012_02.PNG,012_03.PNG,012_04.PNG,0210012_03.png,0,Train
012_01.PNG,012_02.PNG,012_03.PNG,012_04.PNG,0210012_04.png,0,Train
01_013.png,02_013.png,03_013.png,04_013.png,05_013.png,1,Train
01_013.png,02_013.png,03_013.png,04_013.png,06_013.png,1,Train
01_013.png,02_013.png,03_013.png,04_013.png,07_013.png,1,Train
01_013.png,02_013.png,03_013.png,04_013.png,08_013.png,1,Train
01_013.png,02_013.png,03_013.png,04_013.png,09_013.png,1,Train
01_013.png,02_013.png,03_013.png,04_013.png,10_013.png,1,Train
01_013.png,02_013.png,03_013.png,04_013.png,11_013.png,1,Train
01_013.png,02_013.png,03_013.png,04_013.png,12_013.png,1,Train
01_013.png,02_013.png,03_013.png,04_013.png,01_0113013.PNG,0,Train
01_013.png,02_013.png,03_013.png,04_013.png,01_0203013.PNG,0,Train
01_013.png,02_013.png,03_013.png,04_013.png,01_0204013.PNG,0,Train
01_013.png,02_013.png,03_013.png,04_013.png,02_0113013.PNG,0,Train
01_013.png,02_013.png,03_013.png,04_013.png,02_0203013.PNG,0,Train
01_013.png,02_013.png,03_013.png,04_013.png,02_0204013.PNG,0,Train
01_013.png,02_013.png,03_013.png,04_013.png,03_0113013.PNG,0,Train
01_013.png,02_013.png,03_013.png,04_013.png,03_0203013.PNG,0,Train
01_013.png,02_013.png,03_013.png,04_013.png,03_0204013.PNG,0,Train
01_013.png,02_013.png,03_013.png,04_013.png,04_0113013.PNG,0,Train
01_013.png,02_013.png,03_013.png,04_013.png,04_0203013.PNG,0,Train
01_013.png,02_013.png,03_013.png,04_013.png,04_0204013.PNG,0,Train
014_01.PNG,014_02.PNG,014_03.PNG,014_04.PNG,014_05.PNG,1,Train
014_01.PNG,014_02.PNG,014_03.PNG,014_04.PNG,014_06.PNG,1,Train
014_01.PNG,014_02.PNG,014_03.PNG,014_04.PNG,014_07.PNG,1,Train
014_01.PNG,014_02.PNG,014_03.PNG,014_04.PNG,014_08.PNG,1,Train
014_01.PNG,014_02.PNG,014_03.PNG,014_04.PNG,014_09.PNG,1,Train
014_01.PNG,014_02.PNG,014_03.PNG,014_04.PNG,014_10.PNG,1,Train
014_01.PNG,014_02.PNG,014_03.PNG,014_04.PNG,014_11.PNG,1,Train
014_01.PNG,014_02.PNG,014_03.PNG,014_04.PNG,014_12.PNG,1,Train
014_01.PNG,014_02.PNG,014_03.PNG,014_04.PNG,014_13.PNG,1,Train
014_01.PNG,014_02.PNG,014_03.PNG,014_04.PNG,014_14.PNG,1,Train
014_01.PNG,014_02.PNG,014_03.PNG,014_04.PNG,014_15.PNG,1,Train
014_01.PNG,014_02.PNG,014_03.PNG,014_04.PNG,014_16.PNG,1,Train
014_01.PNG,014_02.PNG,014_03.PNG,014_04.PNG,014_17.PNG,1,Train
014_01.PNG,014_02.PNG,014_03.PNG,014_04.PNG,014_18.PNG,1,Train
014_01.PNG,014_02.PNG,014_03.PNG,014_04.PNG,014_19.PNG,1,Train
014_01.PNG,014_02.PNG,014_03.PNG,014_04.PNG,014_20.PNG,1,Train
014_01.PNG,014_02.PNG,014_03.PNG,014_04.PNG,014_21.PNG,1,Train
014_01.PNG,014_02.PNG,014_03.PNG,014_04.PNG,014_22.PNG,1,Train
014_01.PNG,014_02.PNG,014_03.PNG,014_04.PNG,014_23.PNG,1,Train
014_01.PNG,014_02.PNG,014_03.PNG,014_04.PNG,014_24.PNG,1,Train
014_01.PNG,014_02.PNG,014_03.PNG,014_04.PNG,0102014_01.png,0,Train
014_01.PNG,014_02.PNG,014_03.PNG,014_04.PNG,0102014_02.png,0,Train
014_01.PNG,014_02.PNG,014_03.PNG,014_04.PNG,0102014_03.png,0,Train
014_01.PNG,014_02.PNG,014_03.PNG,014_04.PNG,0102014_04.png,0,Train
014_01.PNG,014_02.PNG,014_03.PNG,014_04.PNG,0104014_01.png,0,Train
014_01.PNG,014_02.PNG,014_03.PNG,014_04.PNG,0104014_02.png,0,Train
014_01.PNG,014_02.PNG,014_03.PNG,014_04.PNG,0104014_03.png,0,Train
014_01.PNG,014_02.PNG,014_03.PNG,014_04.PNG,0104014_04.png,0,Train
014_01.PNG,014_02.PNG,014_03.PNG,014_04.PNG,0208014_01.png,0,Train
014_01.PNG,014_02.PNG,014_03.PNG,014_04.PNG,0208014_02.png,0,Train
014_01.PNG,014_02.PNG,014_03.PNG,014_04.PNG,0208014_03.png,0,Train
014_01.PNG,014_02.PNG,014_03.PNG,014_04.PNG,0208014_04.png,0,Train
014_01.PNG,014_02.PNG,014_03.PNG,014_04.PNG,0214014_01.png,0,Train
014_01.PNG,014_02.PNG,014_03.PNG,014_04.PNG,0214014_02.png,0,Train
014_01.PNG,014_02.PNG,014_03.PNG,014_04.PNG,0214014_03.png,0,Train
014_01.PNG,014_02.PNG,014_03.PNG,014_04.PNG,0214014_04.png,0,Train
015_01.PNG,015_02.PNG,015_03.PNG,015_04.PNG,015_05.PNG,1,Train
015_01.PNG,015_02.PNG,015_03.PNG,015_04.PNG,015_06.PNG,1,Train
015_01.PNG,015_02.PNG,015_03.PNG,015_04.PNG,015_07.PNG,1,Train
015_01.PNG,015_02.PNG,015_03.PNG,015_04.PNG,015_08.PNG,1,Train
015_01.PNG,015_02.PNG,015_03.PNG,015_04.PNG,015_09.PNG,1,Train
015_01.PNG,015_02.PNG,015_03.PNG,015_04.PNG,015_10.PNG,1,Train
015_01.PNG,015_02.PNG,015_03.PNG,015_04.PNG,015_11.PNG,1,Train
015_01.PNG,015_02.PNG,015_03.PNG,015_04.PNG,015_12.PNG,1,Train
015_01.PNG,015_02.PNG,015_03.PNG,015_04.PNG,015_13.PNG,1,Train
015_01.PNG,015_02.PNG,015_03.PNG,015_04.PNG,015_14.PNG,1,Train
015_01.PNG,015_02.PNG,015_03.PNG,015_04.PNG,015_15.PNG,1,Train
015_01.PNG,015_02.PNG,015_03.PNG,015_04.PNG,015_16.PNG,1,Train
015_01.PNG,015_02.PNG,015_03.PNG,015_04.PNG,015_17.PNG,1,Train
015_01.PNG,015_02.PNG,015_03.PNG,015_04.PNG,015_18.PNG,1,Train
015_01.PNG,015_02.PNG,015_03.PNG,015_04.PNG,015_19.PNG,1,Train
015_01.PNG,015_02.PNG,015_03.PNG,015_04.PNG,015_20.PNG,1,Train
015_01.PNG,015_02.PNG,015_03.PNG,015_04.PNG,015_21.PNG,1,Train
015_01.PNG,015_02.PNG,015_03.PNG,015_04.PNG,015_22.PNG,1,Train
015_01.PNG,015_02.PNG,015_03.PNG,015_04.PNG,015_23.PNG,1,Train
015_01.PNG,015_02.PNG,015_03.PNG,015_04.PNG,015_24.PNG,1,Train
015_01.PNG,015_02.PNG,015_03.PNG,015_04.PNG,0106015_01.png,0,Train
015_01.PNG,015_02.PNG,015_03.PNG,015_04.PNG,0106015_02.png,0,Train
015_01.PNG,015_02.PNG,015_03.PNG,015_04.PNG,0106015_03.png,0,Train
015_01.PNG,015_02.PNG,015_03.PNG,015_04.PNG,0106015_04.png,0,Train
015_01.PNG,015_02.PNG,015_03.PNG,015_04.PNG,0210015_01.png,0,Train
015_01.PNG,015_02.PNG,015_03.PNG,015_04.PNG,0210015_02.png,0,Train
015_01.PNG,015_02.PNG,015_03.PNG,015_04.PNG,0210015_03.png,0,Train
015_01.PNG,015_02.PNG,015_03.PNG,015_04.PNG,0210015_04.png,0,Train
015_01.PNG,015_02.PNG,015_03.PNG,015_04.PNG,0213015_01.png,0,Train
015_01.PNG,015_02.PNG,015_03.PNG,015_04.PNG,0213015_02.png,0,Train
015_01.PNG,015_02.PNG,015_03.PNG,015_04.PNG,0213015_03.png,0,Train
015_01.PNG,015_02.PNG,015_03.PNG,015_04.PNG,0213015_04.png,0,Train
016_01.PNG,016_02.PNG,016_03.PNG,016_04.PNG,016_05.PNG,1,Train
016_01.PNG,016_02.PNG,016_03.PNG,016_04.PNG,016_06.PNG,1,Train
016_01.PNG,016_02.PNG,016_03.PNG,016_04.PNG,016_07.PNG,1,Train
016_01.PNG,016_02.PNG,016_03.PNG,016_04.PNG,016_08.PNG,1,Train
016_01.PNG,016_02.PNG,016_03.PNG,016_04.PNG,016_09.PNG,1,Train
016_01.PNG,016_02.PNG,016_03.PNG,016_04.PNG,016_10.PNG,1,Train
016_01.PNG,016_02.PNG,016_03.PNG,016_04.PNG,016_11.PNG,1,Train
016_01.PNG,016_02.PNG,016_03.PNG,016_04.PNG,016_12.PNG,1,Train
016_01.PNG,016_02.PNG,016_03.PNG,016_04.PNG,016_13.PNG,1,Train
016_01.PNG,016_02.PNG,016_03.PNG,016_04.PNG,016_14.PNG,1,Train
016_01.PNG,016_02.PNG,016_03.PNG,016_04.PNG,016_15.PNG,1,Train
016_01.PNG,016_02.PNG,016_03.PNG,016_04.PNG,016_16.PNG,1,Train
016_01.PNG,016_02.PNG,016_03.PNG,016_04.PNG,016_17.PNG,1,Train
016_01.PNG,016_02.PNG,016_03.PNG,016_04.PNG,016_18.PNG,1,Train
016_01.PNG,016_02.PNG,016_03.PNG,016_04.PNG,016_20.PNG,1,Train
016_01.PNG,016_02.PNG,016_03.PNG,016_04.PNG,016_21.PNG,1,Train
016_01.PNG,016_02.PNG,016_03.PNG,016_04.PNG,016_22.PNG,1,Train
016_01.PNG,016_02.PNG,016_03.PNG,016_04.PNG,016_23.PNG,1,Train
016_01.PNG,016_02.PNG,016_03.PNG,016_04.PNG,016_24.PNG,1,Train
016_01.PNG,016_02.PNG,016_03.PNG,016_04.PNG,0107016_01.png,0,Train
016_01.PNG,016_02.PNG,016_03.PNG,016_04.PNG,0107016_02.png,0,Train
016_01.PNG,016_02.PNG,016_03.PNG,016_04.PNG,0107016_03.png,0,Train
016_01.PNG,016_02.PNG,016_03.PNG,016_04.PNG,0107016_04.png,0,Train
016_01.PNG,016_02.PNG,016_03.PNG,016_04.PNG,0110016_01.png,0,Train
016_01.PNG,016_02.PNG,016_03.PNG,016_04.PNG,0110016_02.png,0,Train
016_01.PNG,016_02.PNG,016_03.PNG,016_04.PNG,0110016_03.png,0,Train
016_01.PNG,016_02.PNG,016_03.PNG,016_04.PNG,0110016_04.png,0,Train
016_01.PNG,016_02.PNG,016_03.PNG,016_04.PNG,0127016_01.png,0,Train
016_01.PNG,016_02.PNG,016_03.PNG,016_04.PNG,0127016_02.png,0,Train
016_01.PNG,016_02.PNG,016_03.PNG,016_04.PNG,0127016_03.png,0,Train
016_01.PNG,016_02.PNG,016_03.PNG,016_04.PNG,0127016_04.png,0,Train
016_01.PNG,016_02.PNG,016_03.PNG,016_04.PNG,0202016_01.png,0,Train
016_01.PNG,016_02.PNG,016_03.PNG,016_04.PNG,0202016_02.png,0,Train
016_01.PNG,016_02.PNG,016_03.PNG,016_04.PNG,0202016_03.png,0,Train
016_01.PNG,016_02.PNG,016_03.PNG,016_04.PNG,0202016_04.png,0,Train
01_017.png,02_017.png,03_017.png,04_017.png,05_017.png,1,Train
01_017.png,02_017.png,03_017.png,04_017.png,06_017.png,1,Train
01_017.png,02_017.png,03_017.png,04_017.png,07_017.png,1,Train
01_017.png,02_017.png,03_017.png,04_017.png,08_017.png,1,Train
01_017.png,02_017.png,03_017.png,04_017.png,09_017.png,1,Train
01_017.png,02_017.png,03_017.png,04_017.png,10_017.png,1,Train
01_017.png,02_017.png,03_017.png,04_017.png,11_017.png,1,Train
01_017.png,02_017.png,03_017.png,04_017.png,12_017.png,1,Train
01_017.png,02_017.png,03_017.png,04_017.png,01_0107017.PNG,0,Train
01_017.png,02_017.png,03_017.png,04_017.png,01_0124017.PNG,0,Train
01_017.png,02_017.png,03_017.png,04_017.png,01_0211017.PNG,0,Train
01_017.png,02_017.png,03_017.png,04_017.png,02_0107017.PNG,0,Train
01_017.png,02_017.png,03_017.png,04_017.png,02_0124017.PNG,0,Train
01_017.png,02_017.png,03_017.png,04_017.png,02_0211017.PNG,0,Train
01_017.png,02_017.png,03_017.png,04_017.png,03_0107017.PNG,0,Train
01_017.png,02_017.png,03_017.png,04_017.png,03_0124017.PNG,0,Train
01_017.png,02_017.png,03_017.png,04_017.png,03_0211017.PNG,0,Train
01_017.png,02_017.png,03_017.png,04_017.png,04_0107017.PNG,0,Train
01_017.png,02_017.png,03_017.png,04_017.png,04_0124017.PNG,0,Train
01_017.png,02_017.png,03_017.png,04_017.png,04_0211017.PNG,0,Train
01_018.png,02_018.png,03_018.png,04_018.png,05_018.png,1,Train
01_018.png,02_018.png,03_018.png,04_018.png,06_018.png,1,Train
01_018.png,02_018.png,03_018.png,04_018.png,07_018.png,1,Train
01_018.png,02_018.png,03_018.png,04_018.png,08_018.png,1,Train
01_018.png,02_018.png,03_018.png,04_018.png,09_018.png,1,Train
01_018.png,02_018.png,03_018.png,04_018.png,10_018.png,1,Train
01_018.png,02_018.png,03_018.png,04_018.png,11_018.png,1,Train
01_018.png,02_018.png,03_018.png,04_018.png,12_018.png,1,Train
01_018.png,02_018.png,03_018.png,04_018.png,01_0106018.PNG,0,Train
01_018.png,02_018.png,03_018.png,04_018.png,01_0112018.PNG,0,Train
01_018.png,02_018.png,03_018.png,04_018.png,01_0202018.PNG,0,Train
01_018.png,02_018.png,03_018.png,04_018.png,02_0106018.PNG,0,Train
01_018.png,02_018.png,03_018.png,04_018.png,02_0112018.PNG,0,Train
01_018.png,02_018.png,03_018.png,04_018.png,02_0202018.PNG,0,Train
01_018.png,02_018.png,03_018.png,04_018.png,03_0106018.PNG,0,Train
01_018.png,02_018.png,03_018.png,04_018.png,03_0112018.PNG,0,Train
01_018.png,02_018.png,03_018.png,04_018.png,03_0202018.PNG,0,Train
01_018.png,02_018.png,03_018.png,04_018.png,04_0106018.PNG,0,Train
01_018.png,02_018.png,03_018.png,04_018.png,04_0112018.PNG,0,Train
01_018.png,02_018.png,03_018.png,04_018.png,04_0202018.PNG,0,Train
01_019.png,02_019.png,03_019.png,04_019.png,05_019.png,1,Train
01_019.png,02_019.png,03_019.png,04_019.png,06_019.png,1,Train
01_019.png,02_019.png,03_019.png,04_019.png,07_019.png,1,Train
01_019.png,02_019.png,03_019.png,04_019.png,08_019.png,1,Train
01_019.png,02_019.png,03_019.png,04_019.png,09_019.png,1,Train
01_019.png,02_019.png,03_019.png,04_019.png,10_019.png,1,Train
01_019.png,02_019.png,03_019.png,04_019.png,11_019.png,1,Train
01_019.png,02_019.png,03_019.png,04_019.png,12_019.png,1,Train
01_019.png,02_019.png,03_019.png,04_019.png,01_0115019.PNG,0,Train
01_019.png,02_019.png,03_019.png,04_019.png,01_0116019.PNG,0,Train
01_019.png,02_019.png,03_019.png,04_019.png,01_0119019.PNG,0,Train
01_019.png,02_019.png,03_019.png,04_019.png,02_0115019.PNG,0,Train
01_019.png,02_019.png,03_019.png,04_019.png,02_0116019.PNG,0,Train
01_019.png,02_019.png,03_019.png,04_019.png,02_0119019.PNG,0,Train
01_019.png,02_019.png,03_019.png,04_019.png,03_0115019.PNG,0,Train
01_019.png,02_019.png,03_019.png,04_019.png,03_0116019.PNG,0,Train
01_019.png,02_019.png,03_019.png,04_019.png,03_0119019.PNG,0,Train
01_019.png,02_019.png,03_019.png,04_019.png,04_0115019.PNG,0,Train
01_019.png,02_019.png,03_019.png,04_019.png,04_0116019.PNG,0,Train
01_019.png,02_019.png,03_019.png,04_019.png,04_0119019.PNG,0,Train
01_020.png,02_020.png,03_020.png,04_020.png,05_020.png,1,Train
01_020.png,02_020.png,03_020.png,04_020.png,06_020.png,1,Train
01_020.png,02_020.png,03_020.png,04_020.png,07_020.png,1,Train
01_020.png,02_020.png,03_020.png,04_020.png,08_020.png,1,Train
01_020.png,02_020.png,03_020.png,04_020.png,09_020.png,1,Train
01_020.png,02_020.png,03_020.png,04_020.png,10_020.png,1,Train
01_020.png,02_020.png,03_020.png,04_020.png,11_020.png,1,Train
01_020.png,02_020.png,03_020.png,04_020.png,12_020.png,1,Train
01_020.png,02_020.png,03_020.png,04_020.png,01_0105020.PNG,0,Train
01_020.png,02_020.png,03_020.png,04_020.png,01_0117020.PNG,0,Train
01_020.png,02_020.png,03_020.png,04_020.png,01_0127020.PNG,0,Train
01_020.png,02_020.png,03_020.png,04_020.png,01_0213020.PNG,0,Train
01_020.png,02_020.png,03_020.png,04_020.png,02_0101020.PNG,0,Train
01_020.png,02_020.png,03_020.png,04_020.png,02_0105020.PNG,0,Train
01_020.png,02_020.png,03_020.png,04_020.png,02_0117020.PNG,0,Train
01_020.png,02_020.png,03_020.png,04_020.png,02_0127020.PNG,0,Train
01_020.png,02_020.png,03_020.png,04_020.png,02_0213020.PNG,0,Train
01_020.png,02_020.png,03_020.png,04_020.png,03_0101020.PNG,0,Train
01_020.png,02_020.png,03_020.png,04_020.png,03_0105020.PNG,0,Train
01_020.png,02_020.png,03_020.png,04_020.png,03_0117020.PNG,0,Train
01_020.png,02_020.png,03_020.png,04_020.png,03_0127020.PNG,0,Train
01_020.png,02_020.png,03_020.png,04_020.png,03_0213020.PNG,0,Train
01_020.png,02_020.png,03_020.png,04_020.png,04_0101020.PNG,0,Train
01_020.png,02_020.png,03_020.png,04_020.png,04_0105020.PNG,0,Train
01_020.png,02_020.png,03_020.png,04_020.png,04_0117020.PNG,0,Train
01_020.png,02_020.png,03_020.png,04_020.png,04_0127020.PNG,0,Train
01_020.png,02_020.png,03_020.png,04_020.png,04_0213020.PNG,0,Train
01_021.png,02_021.png,03_021.png,04_021.png,05_021.png,1,Train
01_021.png,02_021.png,03_021.png,04_021.png,06_021.png,1,Train
01_021.png,02_021.png,03_021.png,04_021.png,07_021.png,1,Train
01_021.png,02_021.png,03_021.png,04_021.png,08_021.png,1,Train
01_021.png,02_021.png,03_021.png,04_021.png,09_021.png,1,Train
01_021.png,02_021.png,03_021.png,04_021.png,10_021.png,1,Train
01_021.png,02_021.png,03_021.png,04_021.png,11_021.png,1,Train
01_021.png,01_021.png,01_021.png,01_021.png,12_021.png,1,Train
01_021.png,01_021.png,01_021.png,01_021.png,01_0110021.PNG,0,Train
01_021.png,01_021.png,01_021.png,01_021.png,01_0204021.PNG,0,Train
01_021.png,01_021.png,01_021.png,01_021.png,01_0211021.PNG,0,Train
01_021.png,01_021.png,01_021.png,01_021.png,02_0110021.PNG,0,Train
01_021.png,01_021.png,01_021.png,01_021.png,02_0204021.PNG,0,Train
01_021.png,01_021.png,01_021.png,01_021.png,02_0211021.PNG,0,Train
01_021.png,01_021.png,01_021.png,01_021.png,03_0110021.PNG,0,Train
01_021.png,01_021.png,01_021.png,01_021.png,03_0204021.PNG,0,Train
01_021.png,01_021.png,01_021.png,01_021.png,03_0211021.PNG,0,Train
01_021.png,01_021.png,01_021.png,01_021.png,04_0110021.PNG,0,Train
01_021.png,01_021.png,01_021.png,01_021.png,04_0204021.PNG,0,Train
01_021.png,01_021.png,01_021.png,01_021.png,04_0211021.PNG,0,Train
01_022.png,02_022.png,03_022.png,04_022.png,05_022.png,1,Train
01_022.png,02_022.png,03_022.png,04_022.png,06_022.png,1,Train
01_022.png,02_022.png,03_022.png,04_022.png,07_022.png,1,Train
01_022.png,02_022.png,03_022.png,04_022.png,08_022.png,1,Train
01_022.png,02_022.png,03_022.png,04_022.png,09_022.png,1,Train
01_022.png,02_022.png,03_022.png,04_022.png,10_022.png,1,Train
01_022.png,02_022.png,03_022.png,04_022.png,11_022.png,1,Train
01_022.png,02_022.png,03_022.png,04_022.png,12_022.png,1,Train
01_022.png,02_022.png,03_022.png,04_022.png,01_0125022.PNG,0,Train
01_022.png,02_022.png,03_022.png,04_022.png,01_0127022.PNG,0,Train
01_022.png,02_022.png,03_022.png,04_022.png,01_0208022.PNG,0,Train
01_022.png,02_022.png,03_022.png,04_022.png,01_0214022.PNG,0,Train
01_022.png,02_022.png,03_022.png,04_022.png,02_0125022.PNG,0,Train
01_022.png,02_022.png,03_022.png,04_022.png,02_0127022.PNG,0,Train
01_022.png,02_022.png,03_022.png,04_022.png,02_0208022.PNG,0,Train
01_022.png,02_022.png,03_022.png,04_022.png,02_0214022.PNG,0,Train
01_022.png,02_022.png,03_022.png,04_022.png,03_0125022.PNG,0,Train
01_022.png,02_022.png,03_022.png,04_022.png,03_0127022.PNG,0,Train
01_022.png,02_022.png,03_022.png,04_022.png,03_0208022.PNG,0,Train
01_022.png,02_022.png,03_022.png,04_022.png,03_0214022.PNG,0,Train
01_022.png,02_022.png,03_022.png,04_022.png,04_0125022.PNG,0,Train
01_022.png,02_022.png,03_022.png,04_022.png,04_0127022.PNG,0,Train
01_022.png,02_022.png,03_022.png,04_022.png,04_0208022.PNG,0,Train
01_022.png,02_022.png,03_022.png,04_022.png,04_0214022.PNG,0,Train
01_023.png,02_023.png,03_023.png,04_023.png,05_023.png,1,Train
01_023.png,02_023.png,03_023.png,04_023.png,06_023.png,1,Train
01_023.png,02_023.png,03_023.png,04_023.png,07_023.png,1,Train
01_023.png,02_023.png,03_023.png,04_023.png,08_023.png,1,Train
01_023.png,02_023.png,03_023.png,04_023.png,09_023.png,1,Train
01_023.png,02_023.png,03_023.png,04_023.png,10_023.png,1,Train
01_023.png,02_023.png,03_023.png,04_023.png,11_023.png,1,Train
01_023.png,02_023.png,03_023.png,04_023.png,12_023.png,1,Train
01_023.png,02_023.png,03_023.png,04_023.png,01_0126023.PNG,0,Train
01_023.png,02_023.png,03_023.png,04_023.png,01_0203023.PNG,0,Train
01_023.png,02_023.png,03_023.png,04_023.png,02_0126023.PNG,0,Train
01_023.png,02_023.png,03_023.png,04_023.png,02_0203023.PNG,0,Train
01_023.png,02_023.png,03_023.png,04_023.png,03_0126023.PNG,0,Train
01_023.png,02_023.png,03_023.png,04_023.png,03_0203023.PNG,0,Train
01_023.png,02_023.png,03_023.png,04_023.png,04_0126023.PNG,0,Train
01_023.png,02_023.png,03_023.png,04_023.png,04_0203023.PNG,0,Train
01_024.png,02_024.png,03_024.png,04_024.png,05_024.png,1,Train
01_024.png,02_024.png,03_024.png,04_024.png,06_024.png,1,Train
01_024.png,02_024.png,03_024.png,04_024.png,07_024.png,1,Train
01_024.png,02_024.png,03_024.png,04_024.png,08_024.png,1,Train
01_024.png,02_024.png,03_024.png,04_024.png,09_024.png,1,Train
01_024.png,02_024.png,03_024.png,04_024.png,10_024.png,1,Train
01_024.png,02_024.png,03_024.png,04_024.png,11_024.png,1,Train
01_024.png,02_024.png,03_024.png,04_024.png,12_024.png,1,Train
01_024.png,02_024.png,03_024.png,04_024.png,01_0102024.PNG,0,Train
01_024.png,02_024.png,03_024.png,04_024.png,01_0119024.PNG,0,Train
01_024.png,02_024.png,03_024.png,04_024.png,01_0120024.PNG,0,Train
01_024.png,02_024.png,03_024.png,04_024.png,02_0102024.PNG,0,Train
01_024.png,02_024.png,03_024.png,04_024.png,02_0119024.PNG,0,Train
01_024.png,02_024.png,03_024.png,04_024.png,02_0120024.PNG,0,Train
01_024.png,02_024.png,03_024.png,04_024.png,03_0102024.PNG,0,Train
01_024.png,02_024.png,03_024.png,04_024.png,03_0119024.PNG,0,Train
01_024.png,02_024.png,03_024.png,04_024.png,03_0120024.PNG,0,Train
01_024.png,02_024.png,03_024.png,04_024.png,04_0102024.PNG,0,Train
01_024.png,02_024.png,03_024.png,04_024.png,04_0119024.PNG,0,Train
01_024.png,02_024.png,03_024.png,04_024.png,04_0120024.PNG,0,Train
01_025.png,02_025.png,03_025.png,04_025.png,05_025.png,1,Train
01_025.png,02_025.png,03_025.png,04_025.png,06_025.png,1,Train
01_025.png,02_025.png,03_025.png,04_025.png,07_025.png,1,Train
01_025.png,02_025.png,03_025.png,04_025.png,08_025.png,1,Train
01_025.png,02_025.png,03_025.png,04_025.png,09_025.png,1,Train
01_025.png,02_025.png,03_025.png,04_025.png,10_025.png,1,Train
01_025.png,02_025.png,03_025.png,04_025.png,11_025.png,1,Train
01_025.png,02_025.png,03_025.png,04_025.png,12_025.png,1,Train
01_025.png,02_025.png,03_025.png,04_025.png,01_0116025.PNG,0,Train
01_025.png,02_025.png,03_025.png,04_025.png,01_0121025.PNG,0,Train
01_025.png,02_025.png,03_025.png,04_025.png,02_0116025.PNG,0,Train
01_025.png,02_025.png,03_025.png,04_025.png,02_0121025.PNG,0,Train
01_025.png,02_025.png,03_025.png,04_025.png,03_0116025.PNG,0,Train
01_025.png,02_025.png,03_025.png,04_025.png,03_0121025.PNG,0,Train
01_025.png,02_025.png,03_025.png,04_025.png,04_0116025.PNG,0,Train
01_025.png,02_025.png,03_025.png,04_025.png,04_0121025.PNG,0,Train
01_026.png,02_026.png,03_026.png,04_026.png,05_026.png,1,Train
01_026.png,02_026.png,03_026.png,04_026.png,06_026.png,1,Train
01_026.png,02_026.png,03_026.png,04_026.png,07_026.png,1,Train
01_026.png,02_026.png,03_026.png,04_026.png,08_026.png,1,Train
01_026.png,02_026.png,03_026.png,04_026.png,09_026.png,1,Train
01_026.png,02_026.png,03_026.png,04_026.png,10_026.png,1,Train
01_026.png,02_026.png,03_026.png,04_026.png,11_026.png,1,Train
01_026.png,02_026.png,03_026.png,04_026.png,12_026.png,1,Train
01_026.png,02_026.png,03_026.png,04_026.png,01_0119026.PNG,0,Train
01_026.png,02_026.png,03_026.png,04_026.png,01_0123026.PNG,0,Train
01_026.png,02_026.png,03_026.png,04_026.png,01_0125026.PNG,0,Train
01_026.png,02_026.png,03_026.png,04_026.png,02_0119026.PNG,0,Train
01_026.png,02_026.png,03_026.png,04_026.png,02_0123026.PNG,0,Train
01_026.png,02_026.png,03_026.png,04_026.png,02_0125026.PNG,0,Train
01_026.png,02_026.png,03_026.png,04_026.png,03_0119026.PNG,0,Train
01_026.png,02_026.png,03_026.png,04_026.png,03_0123026.PNG,0,Train
01_026.png,02_026.png,03_026.png,04_026.png,03_0125026.PNG,0,Train
01_026.png,02_026.png,03_026.png,04_026.png,04_0119026.PNG,0,Train
01_026.png,02_026.png,03_026.png,04_026.png,04_0123026.PNG,0,Train
01_026.png,02_026.png,03_026.png,04_026.png,04_0125026.PNG,0,Train
01_027.png,02_027.png,03_027.png,04_027.png,05_027.png,1,Train
01_027.png,02_027.png,03_027.png,04_027.png,06_027.png,1,Train
01_027.png,02_027.png,03_027.png,04_027.png,07_027.png,1,Train
01_027.png,02_027.png,03_027.png,04_027.png,08_027.png,1,Train
01_027.png,02_027.png,03_027.png,04_027.png,09_027.png,1,Train
01_027.png,02_027.png,03_027.png,04_027.png,10_027.png,1,Train
01_027.png,02_027.png,03_027.png,04_027.png,11_027.png,1,Train
01_027.png,02_027.png,03_027.png,04_027.png,12_027.png,1,Train
01_027.png,02_027.png,03_027.png,04_027.png,01_0101027.PNG,0,Train
01_027.png,02_027.png,03_027.png,04_027.png,01_0212027.PNG,0,Train
01_027.png,02_027.png,03_027.png,04_027.png,02_0101027.PNG,0,Train
01_027.png,02_027.png,03_027.png,04_027.png,02_0212027.PNG,0,Train
01_027.png,02_027.png,03_027.png,04_027.png,03_0101027.PNG,0,Train
01_027.png,02_027.png,03_027.png,04_027.png,03_0212027.PNG,0,Train
01_027.png,02_027.png,03_027.png,04_027.png,04_0101027.PNG,0,Train
01_027.png,02_027.png,03_027.png,04_027.png,04_0212027.PNG,0,Train
01_028.png,02_028.png,03_028.png,04_028.png,05_028.png,1,Train
01_028.png,02_028.png,03_028.png,04_028.png,06_028.png,1,Train
01_028.png,02_028.png,03_028.png,04_028.png,07_028.png,1,Train
01_028.png,02_028.png,03_028.png,04_028.png,08_028.png,1,Train
01_028.png,02_028.png,03_028.png,04_028.png,09_028.png,1,Train
01_028.png,02_028.png,03_028.png,04_028.png,10_028.png,1,Train
01_028.png,02_028.png,03_028.png,04_028.png,11_028.png,1,Train
01_028.png,02_028.png,03_028.png,04_028.png,12_028.png,1,Train
01_028.png,02_028.png,03_028.png,04_028.png,01_0126028.PNG,0,Train
01_028.png,02_028.png,03_028.png,04_028.png,01_0205028.PNG,0,Train
01_028.png,02_028.png,03_028.png,04_028.png,01_0212028.PNG,0,Train
01_028.png,02_028.png,03_028.png,04_028.png,02_0126028.PNG,0,Train
01_028.png,02_028.png,03_028.png,04_028.png,02_0205028.PNG,0,Train
01_028.png,02_028.png,03_028.png,04_028.png,02_0212028.PNG,0,Train
01_028.png,02_028.png,03_028.png,04_028.png,03_0126028.PNG,0,Train
01_028.png,02_028.png,03_028.png,04_028.png,03_0205028.PNG,0,Train
01_028.png,02_028.png,03_028.png,04_028.png,03_0212028.PNG,0,Train
01_028.png,02_028.png,03_028.png,04_028.png,04_0126028.PNG,0,Train
01_028.png,02_028.png,03_028.png,04_028.png,04_0205028.PNG,0,Train
01_028.png,02_028.png,03_028.png,04_028.png,04_0212028.PNG,0,Train
01_029.png,02_029.png,03_029.png,04_029.png,05_029.png,1,Train
01_029.png,02_029.png,03_029.png,04_029.png,06_029.png,1,Train
01_029.png,02_029.png,03_029.png,04_029.png,07_029.png,1,Train
01_029.png,02_029.png,03_029.png,04_029.png,08_029.png,1,Train
01_029.png,02_029.png,03_029.png,04_029.png,09_029.png,1,Train
01_029.png,02_029.png,03_029.png,04_029.png,10_029.png,1,Train
01_029.png,02_029.png,03_029.png,04_029.png,11_029.png,1,Train
01_029.png,02_029.png,03_029.png,04_029.png,12_029.png,1,Train
01_029.png,02_029.png,03_029.png,04_029.png,01_0104029.PNG,0,Train
01_029.png,02_029.png,03_029.png,04_029.png,01_0115029.PNG,0,Train
01_029.png,02_029.png,03_029.png,04_029.png,01_0203029.PNG,0,Train
01_029.png,02_029.png,03_029.png,04_029.png,02_0104029.PNG,0,Train
01_029.png,02_029.png,03_029.png,04_029.png,02_0115029.PNG,0,Train
01_029.png,02_029.png,03_029.png,04_029.png,02_0203029.PNG,0,Train
01_029.png,02_029.png,03_029.png,04_029.png,03_0104029.PNG,0,Train
01_029.png,02_029.png,03_029.png,04_029.png,03_0115029.PNG,0,Train
01_029.png,02_029.png,03_029.png,04_029.png,03_0203029.PNG,0,Train
01_029.png,02_029.png,03_029.png,04_029.png,04_0104029.PNG,0,Train
01_029.png,02_029.png,03_029.png,04_029.png,04_0115029.PNG,0,Train
01_029.png,02_029.png,03_029.png,04_029.png,04_0203029.PNG,0,Train
01_030.png,02_030.png,03_030.png,04_030.png,05_030.png,1,Train
01_030.png,02_030.png,03_030.png,04_030.png,06_030.png,1,Train
01_030.png,02_030.png,03_030.png,04_030.png,07_030.png,1,Train
01_030.png,02_030.png,03_030.png,04_030.png,08_030.png,1,Train
01_030.png,02_030.png,03_030.png,04_030.png,09_030.png,1,Train
01_030.png,02_030.png,03_030.png,04_030.png,10_030.png,1,Train
01_030.png,02_030.png,03_030.png,04_030.png,11_030.png,1,Train
01_030.png,02_030.png,03_030.png,04_030.png,12_030.png,1,Train
01_030.png,02_030.png,03_030.png,04_030.png,01_0109030.PNG,0,Train
01_030.png,02_030.png,03_030.png,04_030.png,01_0114030.PNG,0,Train
01_030.png,02_030.png,03_030.png,04_030.png,01_0213030.PNG,0,Train
01_030.png,02_030.png,03_030.png,04_030.png,02_0109030.PNG,0,Train
01_030.png,02_030.png,03_030.png,04_030.png,02_0114030.PNG,0,Train
01_030.png,02_030.png,03_030.png,04_030.png,02_0213030.PNG,0,Train
01_030.png,02_030.png,03_030.png,04_030.png,03_0109030.PNG,0,Train
01_030.png,02_030.png,03_030.png,04_030.png,03_0114030.PNG,0,Train
01_030.png,02_030.png,03_030.png,04_030.png,03_0213030.PNG,0,Train
01_030.png,02_030.png,03_030.png,04_030.png,04_0109030.PNG,0,Train
01_030.png,02_030.png,03_030.png,04_030.png,04_0114030.PNG,0,Train
01_030.png,02_030.png,03_030.png,04_030.png,04_0213030.PNG,0,Train
01_031.png,02_031.png,03_031.png,04_031.png,05_031.png,1,Train
01_031.png,02_031.png,03_031.png,04_031.png,06_031.png,1,Train
01_031.png,02_031.png,03_031.png,04_031.png,07_031.png,1,Train
01_031.png,02_031.png,03_031.png,04_031.png,08_031.png,1,Train
01_031.png,02_031.png,03_031.png,04_031.png,09_031.png,1,Train
01_031.png,02_031.png,03_031.png,04_031.png,10_031.png,1,Train
01_031.png,02_031.png,03_031.png,04_031.png,11_031.png,1,Train
01_031.png,02_031.png,03_031.png,04_031.png,12_031.png,1,Train
01_031.png,02_031.png,03_031.png,04_031.png,01_0103031.PNG,0,Train
01_031.png,02_031.png,03_031.png,04_031.png,01_0121031.PNG,0,Train
01_031.png,02_031.png,03_031.png,04_031.png,02_0103031.PNG,0,Train
01_031.png,02_031.png,03_031.png,04_031.png,02_0121031.PNG,0,Train
01_031.png,02_031.png,03_031.png,04_031.png,03_0103031.PNG,0,Train
01_031.png,02_031.png,03_031.png,04_031.png,03_0121031.PNG,0,Train
01_031.png,02_031.png,03_031.png,04_031.png,04_0103031.PNG,0,Train
01_031.png,02_031.png,03_031.png,04_031.png,04_0121031.PNG,0,Train
01_032.png,02_032.png,03_032.png,04_032.png,05_032.png,1,Train
01_032.png,02_032.png,03_032.png,04_032.png,06_032.png,1,Train
01_032.png,02_032.png,03_032.png,04_032.png,07_032.png,1,Train
01_032.png,02_032.png,03_032.png,04_032.png,08_032.png,1,Train
01_032.png,02_032.png,03_032.png,04_032.png,09_032.png,1,Train
01_032.png,02_032.png,03_032.png,04_032.png,10_032.png,1,Train
01_032.png,02_032.png,03_032.png,04_032.png,11_032.png,1,Train
01_032.png,02_032.png,03_032.png,04_032.png,12_032.png,1,Train
01_032.png,02_032.png,03_032.png,04_032.png,01_0112032.PNG,0,Train
01_032.png,02_032.png,03_032.png,04_032.png,01_0117032.PNG,0,Train
01_032.png,02_032.png,03_032.png,04_032.png,01_0120032.PNG,0,Train
01_032.png,02_032.png,03_032.png,04_032.png,02_0112032.PNG,0,Train
01_032.png,02_032.png,03_032.png,04_032.png,02_0117032.PNG,0,Train
01_032.png,02_032.png,03_032.png,04_032.png,02_0120032.PNG,0,Train
01_032.png,02_032.png,03_032.png,04_032.png,03_0112032.PNG,0,Train
01_032.png,02_032.png,03_032.png,04_032.png,03_0117032.PNG,0,Train
01_032.png,02_032.png,03_032.png,04_032.png,03_0120032.PNG,0,Train
01_032.png,02_032.png,03_032.png,04_032.png,04_0112032.PNG,0,Train
01_032.png,02_032.png,03_032.png,04_032.png,04_0117032.PNG,0,Train
01_032.png,02_032.png,03_032.png,04_032.png,04_0120032.PNG,0,Train
01_033.png,02_033.png,03_033.png,04_033.png,05_033.png,1,Train
01_033.png,02_033.png,03_033.png,04_033.png,06_033.png,1,Train
01_033.png,02_033.png,03_033.png,04_033.png,07_033.png,1,Train
01_033.png,02_033.png,03_033.png,04_033.png,08_033.png,1,Train
01_033.png,02_033.png,03_033.png,04_033.png,09_033.png,1,Train
01_033.png,02_033.png,03_033.png,04_033.png,10_033.png,1,Train
01_033.png,02_033.png,03_033.png,04_033.png,11_033.png,1,Train
01_033.png,02_033.png,03_033.png,04_033.png,12_033.png,1,Train
01_033.png,02_033.png,03_033.png,04_033.png,01_0112033.PNG,0,Train
01_033.png,02_033.png,03_033.png,04_033.png,01_0203033.PNG,0,Train
01_033.png,02_033.png,03_033.png,04_033.png,01_0205033.PNG,0,Train
01_033.png,02_033.png,03_033.png,04_033.png,01_0213033.PNG,0,Train
01_033.png,02_033.png,03_033.png,04_033.png,02_0112033.PNG,0,Train
01_033.png,02_033.png,03_033.png,04_033.png,02_0203033.PNG,0,Train
01_033.png,02_033.png,03_033.png,04_033.png,02_0205033.PNG,0,Train
01_033.png,02_033.png,03_033.png,04_033.png,02_0213033.PNG,0,Train
01_033.png,02_033.png,03_033.png,04_033.png,03_0112033.PNG,0,Train
01_033.png,02_033.png,03_033.png,04_033.png,03_0203033.PNG,0,Train
01_033.png,02_033.png,03_033.png,04_033.png,03_0205033.PNG,0,Train
01_033.png,02_033.png,03_033.png,04_033.png,03_0213033.PNG,0,Train
01_033.png,02_033.png,03_033.png,04_033.png,04_0112033.PNG,0,Train
01_033.png,02_033.png,03_033.png,04_033.png,04_0203033.PNG,0,Train
01_033.png,02_033.png,03_033.png,04_033.png,04_0205033.PNG,0,Train
01_033.png,02_033.png,03_033.png,04_033.png,04_0213033.PNG,0,Train
01_034.png,02_034.png,03_034.png,04_034.png,05_034.png,1,Train
01_034.png,02_034.png,03_034.png,04_034.png,06_034.png,1,Train
01_034.png,02_034.png,03_034.png,04_034.png,07_034.png,1,Train
01_034.png,02_034.png,03_034.png,04_034.png,08_034.png,1,Train
01_034.png,02_034.png,03_034.png,04_034.png,09_034.png,1,Train
01_034.png,02_034.png,03_034.png,04_034.png,10_034.png,1,Train
01_034.png,02_034.png,03_034.png,04_034.png,11_034.png,1,Train
01_034.png,02_034.png,03_034.png,04_034.png,12_034.png,1,Train
01_034.png,02_034.png,03_034.png,04_034.png,01_0103034.PNG,0,Train
01_034.png,02_034.png,03_034.png,04_034.png,01_0110034.PNG,0,Train
01_034.png,02_034.png,03_034.png,04_034.png,01_0120034.PNG,0,Train
01_034.png,02_034.png,03_034.png,04_034.png,02_0103034.PNG,0,Train
01_034.png,02_034.png,03_034.png,04_034.png,02_0110034.PNG,0,Train
01_034.png,02_034.png,03_034.png,04_034.png,02_0120034.PNG,0,Train
01_034.png,02_034.png,03_034.png,04_034.png,03_0103034.PNG,0,Train
01_034.png,02_034.png,03_034.png,04_034.png,03_0110034.PNG,0,Train
01_034.png,02_034.png,03_034.png,04_034.png,03_0120034.PNG,0,Train
01_034.png,02_034.png,03_034.png,04_034.png,04_0103034.PNG,0,Train
01_034.png,02_034.png,03_034.png,04_034.png,04_0110034.PNG,0,Train
01_034.png,02_034.png,03_034.png,04_034.png,04_0120034.PNG,0,Train
01_035.png,02_035.png,03_035.png,04_035.png,05_035.png,1,Train
01_035.png,02_035.png,03_035.png,04_035.png,06_035.png,1,Train
01_035.png,02_035.png,03_035.png,04_035.png,07_035.png,1,Train
01_035.png,02_035.png,03_035.png,04_035.png,08_035.png,1,Train
01_035.png,02_035.png,03_035.png,04_035.png,09_035.png,1,Train
01_035.png,02_035.png,03_035.png,04_035.png,10_035.png,1,Train
01_035.png,02_035.png,03_035.png,04_035.png,11_035.png,1,Train
01_035.png,02_035.png,03_035.png,04_035.png,12_035.png,1,Train
01_035.png,02_035.png,03_035.png,04_035.png,01_0103035.PNG,0,Train
01_035.png,02_035.png,03_035.png,04_035.png,01_0115035.PNG,0,Train
01_035.png,02_035.png,03_035.png,04_035.png,01_0201035.PNG,0,Train
01_035.png,02_035.png,03_035.png,04_035.png,02_0103035.PNG,0,Train
01_035.png,02_035.png,03_035.png,04_035.png,02_0115035.PNG,0,Train
01_035.png,02_035.png,03_035.png,04_035.png,02_0201035.PNG,0,Train
01_035.png,02_035.png,03_035.png,04_035.png,03_0103035.PNG,0,Train
01_035.png,02_035.png,03_035.png,04_035.png,03_0115035.PNG,0,Train
01_035.png,02_035.png,03_035.png,04_035.png,03_0201035.PNG,0,Train
01_035.png,02_035.png,03_035.png,04_035.png,04_0103035.PNG,0,Train
01_035.png,02_035.png,03_035.png,04_035.png,04_0115035.PNG,0,Train
01_035.png,02_035.png,03_035.png,04_035.png,04_0201035.PNG,0,Train
01_036.png,02_036.png,03_036.png,04_036.png,05_036.png,1,Train
01_036.png,02_036.png,03_036.png,04_036.png,06_036.png,1,Train
01_036.png,02_036.png,03_036.png,04_036.png,07_036.png,1,Train
01_036.png,02_036.png,03_036.png,04_036.png,08_036.png,1,Train
01_036.png,02_036.png,03_036.png,04_036.png,09_036.png,1,Train
01_036.png,02_036.png,03_036.png,04_036.png,10_036.png,1,Train
01_036.png,02_036.png,03_036.png,04_036.png,11_036.png,1,Train
01_036.png,02_036.png,03_036.png,04_036.png,12_036.png,1,Train
01_036.png,02_036.png,03_036.png,04_036.png,01_0109036.PNG,0,Train
01_036.png,02_036.png,03_036.png,04_036.png,01_0118036.PNG,0,Train
01_036.png,02_036.png,03_036.png,04_036.png,01_0123036.PNG,0,Train
01_036.png,02_036.png,03_036.png,04_036.png,02_0109036.PNG,0,Train
01_036.png,02_036.png,03_036.png,04_036.png,02_0118036.PNG,0,Train
01_036.png,02_036.png,03_036.png,04_036.png,02_0123036.PNG,0,Train
01_036.png,02_036.png,03_036.png,04_036.png,03_0109036.PNG,0,Train
01_036.png,02_036.png,03_036.png,04_036.png,03_0118036.PNG,0,Train
01_036.png,02_036.png,03_036.png,04_036.png,03_0123036.PNG,0,Train
01_036.png,02_036.png,03_036.png,04_036.png,04_0109036.PNG,0,Train
01_036.png,02_036.png,03_036.png,04_036.png,04_0118036.PNG,0,Train
01_036.png,02_036.png,03_036.png,04_036.png,04_0123036.PNG,0,Train
01_037.png,02_037.png,03_037.png,04_037.png,05_037.png,1,Train
01_037.png,02_037.png,03_037.png,04_037.png,06_037.png,1,Train
01_037.png,02_037.png,03_037.png,04_037.png,07_037.png,1,Train
01_037.png,02_037.png,03_037.png,04_037.png,08_037.png,1,Train
01_037.png,02_037.png,03_037.png,04_037.png,09_037.png,1,Train
01_037.png,02_037.png,03_037.png,04_037.png,10_037.png,1,Train
01_037.png,02_037.png,03_037.png,04_037.png,11_037.png,1,Train
01_037.png,02_037.png,03_037.png,04_037.png,12_037.png,1,Train
01_037.png,02_037.png,03_037.png,04_037.png,01_0114037.PNG,0,Train
01_037.png,02_037.png,03_037.png,04_037.png,01_0123037.PNG,0,Train
01_037.png,02_037.png,03_037.png,04_037.png,01_0208037.PNG,0,Train
01_037.png,02_037.png,03_037.png,04_037.png,01_0214037.PNG,0,Train
01_037.png,02_037.png,03_037.png,04_037.png,02_0114037.PNG,0,Train
01_037.png,02_037.png,03_037.png,04_037.png,02_0123037.PNG,0,Train
01_037.png,02_037.png,03_037.png,04_037.png,02_0208037.PNG,0,Train
01_037.png,02_037.png,03_037.png,04_037.png,02_0214037.PNG,0,Train
01_037.png,02_037.png,03_037.png,04_037.png,03_0114037.PNG,0,Train
01_037.png,02_037.png,03_037.png,04_037.png,03_0123037.PNG,0,Train
01_037.png,02_037.png,03_037.png,04_037.png,03_0208037.PNG,0,Train
01_037.png,02_037.png,03_037.png,04_037.png,03_0214037.PNG,0,Train
01_037.png,02_037.png,03_037.png,04_037.png,04_0114037.PNG,0,Train
01_037.png,02_037.png,03_037.png,04_037.png,04_0123037.PNG,0,Train
01_037.png,02_037.png,03_037.png,04_037.png,04_0208037.PNG,0,Train
01_037.png,02_037.png,03_037.png,04_037.png,04_0214037.PNG,0,Train
01_038.png,02_038.png,03_038.png,04_038.png,05_038.png,1,Train
01_038.png,02_038.png,03_038.png,04_038.png,06_038.png,1,Train
01_038.png,02_038.png,03_038.png,04_038.png,07_038.png,1,Train
01_038.png,02_038.png,03_038.png,04_038.png,08_038.png,1,Train
01_038.png,02_038.png,03_038.png,04_038.png,09_038.png,1,Train
01_038.png,02_038.png,03_038.png,04_038.png,10_038.png,1,Train
01_038.png,02_038.png,03_038.png,04_038.png,11_038.png,1,Train
01_038.png,02_038.png,03_038.png,04_038.png,12_038.png,1,Train
01_038.png,02_038.png,03_038.png,04_038.png,01_0101038.PNG,0,Train
01_038.png,02_038.png,03_038.png,04_038.png,01_0124038.PNG,0,Train
01_038.png,02_038.png,03_038.png,04_038.png,01_0213038.PNG,0,Train
01_038.png,02_038.png,03_038.png,04_038.png,02_0101038.PNG,0,Train
01_038.png,02_038.png,03_038.png,04_038.png,02_0124038.PNG,0,Train
01_038.png,02_038.png,03_038.png,04_038.png,02_0213038.PNG,0,Train
01_038.png,02_038.png,03_038.png,04_038.png,03_0101038.PNG,0,Train
01_038.png,02_038.png,03_038.png,04_038.png,03_0124038.PNG,0,Train
01_038.png,02_038.png,03_038.png,04_038.png,03_0213038.PNG,0,Train
01_038.png,02_038.png,03_038.png,04_038.png,04_0101038.PNG,0,Train
01_038.png,02_038.png,03_038.png,04_038.png,04_0124038.PNG,0,Train
01_038.png,02_038.png,03_038.png,04_038.png,04_0213038.PNG,0,Train
01_039.png,02_039.png,03_039.png,04_039.png,05_039.png,1,Train
01_039.png,02_039.png,03_039.png,04_039.png,06_039.png,1,Train
01_039.png,02_039.png,03_039.png,04_039.png,07_039.png,1,Train
01_039.png,02_039.png,03_039.png,04_039.png,08_039.png,1,Train
01_039.png,02_039.png,03_039.png,04_039.png,09_039.png,1,Train
01_039.png,02_039.png,03_039.png,04_039.png,10_039.png,1,Train
01_039.png,02_039.png,03_039.png,04_039.png,11_039.png,1,Train
01_039.png,02_039.png,03_039.png,04_039.png,12_039.png,1,Train
01_039.png,02_039.png,03_039.png,04_039.png,01_0102039.PNG,0,Train
01_039.png,02_039.png,03_039.png,04_039.png,01_0108039.PNG,0,Train
01_039.png,02_039.png,03_039.png,04_039.png,01_0113039.PNG,0,Train
01_039.png,02_039.png,03_039.png,04_039.png,02_0102039.PNG,0,Train
01_039.png,02_039.png,03_039.png,04_039.png,02_0108039.PNG,0,Train
01_039.png,02_039.png,03_039.png,04_039.png,02_0113039.PNG,0,Train
01_039.png,02_039.png,03_039.png,04_039.png,03_0102039.PNG,0,Train
01_039.png,02_039.png,03_039.png,04_039.png,03_0108039.PNG,0,Train
01_039.png,02_039.png,03_039.png,04_039.png,03_0113039.PNG,0,Train
01_039.png,02_039.png,03_039.png,04_039.png,04_0102039.PNG,0,Train
01_039.png,02_039.png,03_039.png,04_039.png,04_0108039.PNG,0,Train
01_039.png,02_039.png,03_039.png,04_039.png,04_0113039.PNG,0,Train
01_040.png,02_040.png,03_040.png,04_040.png,05_040.png,1,Train
01_040.png,02_040.png,03_040.png,04_040.png,06_040.png,1,Train
01_040.png,02_040.png,03_040.png,04_040.png,07_040.png,1,Train
01_040.png,02_040.png,03_040.png,04_040.png,08_040.png,1,Train
01_040.png,02_040.png,03_040.png,04_040.png,09_040.png,1,Train
01_040.png,02_040.png,03_040.png,04_040.png,10_040.png,1,Train
01_040.png,02_040.png,03_040.png,04_040.png,11_040.png,1,Train
01_040.png,02_040.png,03_040.png,04_040.png,12_040.png,1,Train
01_040.png,02_040.png,03_040.png,04_040.png,01_0114040.PNG,0,Train
01_040.png,02_040.png,03_040.png,04_040.png,01_0121040.PNG,0,Train
01_040.png,02_040.png,03_040.png,04_040.png,02_0114040.PNG,0,Train
01_040.png,02_040.png,03_040.png,04_040.png,02_0121040.PNG,0,Train
01_040.png,02_040.png,03_040.png,04_040.png,03_0114040.PNG,0,Train
01_040.png,02_040.png,03_040.png,04_040.png,03_0121040.PNG,0,Train
01_040.png,02_040.png,03_040.png,04_040.png,04_0114040.PNG,0,Train
01_040.png,02_040.png,03_040.png,04_040.png,04_0121040.PNG,0,Train
01_041.png,02_041.png,03_041.png,04_041.png,05_041.png,1,Train
01_041.png,02_041.png,03_041.png,04_041.png,06_041.png,1,Train
01_041.png,02_041.png,03_041.png,04_041.png,07_041.png,1,Train
01_041.png,02_041.png,03_041.png,04_041.png,08_041.png,1,Train
01_041.png,02_041.png,03_041.png,04_041.png,09_041.png,1,Train
01_041.png,02_041.png,03_041.png,04_041.png,10_041.png,1,Train
01_041.png,02_041.png,03_041.png,04_041.png,11_041.png,1,Train
01_041.png,02_041.png,03_041.png,04_041.png,12_041.png,1,Train
01_041.png,02_041.png,03_041.png,04_041.png,01_0105041.PNG,0,Train
01_041.png,02_041.png,03_041.png,04_041.png,01_0116041.PNG,0,Train
01_041.png,02_041.png,03_041.png,04_041.png,01_0117041.PNG,0,Train
01_041.png,02_041.png,03_041.png,04_041.png,02_0105041.PNG,0,Train
01_041.png,02_041.png,03_041.png,04_041.png,02_0116041.PNG,0,Train
01_041.png,02_041.png,03_041.png,04_041.png,02_0117041.PNG,0,Train
01_041.png,02_041.png,03_041.png,04_041.png,03_0105041.PNG,0,Train
01_041.png,02_041.png,03_041.png,04_041.png,03_0116041.PNG,0,Train
01_041.png,02_041.png,03_041.png,04_041.png,03_0117041.PNG,0,Train
01_041.png,02_041.png,03_041.png,04_041.png,04_0105041.PNG,0,Train
01_041.png,02_041.png,03_041.png,04_041.png,04_0116041.PNG,0,Train
01_041.png,02_041.png,03_041.png,04_041.png,04_0117041.PNG,0,Train
01_042.png,02_042.png,03_042.png,04_042.png,05_042.png,1,Train
01_042.png,02_042.png,03_042.png,04_042.png,06_042.png,1,Train
01_042.png,02_042.png,03_042.png,04_042.png,07_042.png,1,Train
01_042.png,02_042.png,03_042.png,04_042.png,08_042.png,1,Train
01_042.png,02_042.png,03_042.png,04_042.png,09_042.png,1,Train
01_042.png,02_042.png,03_042.png,04_042.png,10_042.png,1,Train
01_042.png,02_042.png,03_042.png,04_042.png,11_042.png,1,Train
01_042.png,02_042.png,03_042.png,04_042.png,12_042.png,1,Train
01_043.png,02_043.png,03_043.png,04_043.png,05_043.png,1,Train
01_043.png,02_043.png,03_043.png,04_043.png,06_043.png,1,Train
01_043.png,02_043.png,03_043.png,04_043.png,07_043.png,1,Train
01_043.png,02_043.png,03_043.png,04_043.png,08_043.png,1,Train
01_043.png,02_043.png,03_043.png,04_043.png,09_043.png,1,Train
01_043.png,02_043.png,03_043.png,04_043.png,10_043.png,1,Train
01_043.png,02_043.png,03_043.png,04_043.png,11_043.png,1,Train
01_043.png,02_043.png,03_043.png,04_043.png,12_043.png,1,Train
01_043.png,02_043.png,03_043.png,04_043.png,01_0111043.PNG,0,Train
01_043.png,02_043.png,03_043.png,04_043.png,01_0201043.PNG,0,Train
01_043.png,02_043.png,03_043.png,04_043.png,01_0211043.PNG,0,Train
01_043.png,02_043.png,03_043.png,04_043.png,02_0111043.PNG,0,Train
01_043.png,02_043.png,03_043.png,04_043.png,02_0201043.PNG,0,Train
01_043.png,02_043.png,03_043.png,04_043.png,02_0211043.PNG,0,Train
01_043.png,02_043.png,03_043.png,04_043.png,03_0111043.PNG,0,Train
01_043.png,02_043.png,03_043.png,04_043.png,03_0201043.PNG,0,Train
01_043.png,02_043.png,03_043.png,04_043.png,03_0211043.PNG,0,Train
01_043.png,02_043.png,03_043.png,04_043.png,04_0111043.PNG,0,Train
01_043.png,02_043.png,03_043.png,04_043.png,04_0201043.PNG,0,Train
01_043.png,02_043.png,03_043.png,04_043.png,04_0211043.PNG,0,Train
01_044.png,02_044.png,03_044.png,04_044.png,05_044.png,1,Train
01_044.png,02_044.png,03_044.png,04_044.png,06_044.png,1,Train
01_044.png,02_044.png,03_044.png,04_044.png,07_044.png,1,Train
01_044.png,02_044.png,03_044.png,04_044.png,08_044.png,1,Train
01_044.png,02_044.png,03_044.png,04_044.png,09_044.png,1,Train
01_044.png,02_044.png,03_044.png,04_044.png,10_044.png,1,Train
01_044.png,02_044.png,03_044.png,04_044.png,11_044.png,1,Train
01_044.png,02_044.png,03_044.png,04_044.png,12_044.png,1,Train
01_044.png,02_044.png,03_044.png,04_044.png,01_0103044.PNG,0,Train
01_044.png,02_044.png,03_044.png,04_044.png,01_0112044.PNG,0,Train
01_044.png,02_044.png,03_044.png,04_044.png,01_0211044.PNG,0,Train
01_044.png,02_044.png,03_044.png,04_044.png,02_0103044.PNG,0,Train
01_044.png,02_044.png,03_044.png,04_044.png,02_0112044.PNG,0,Train
01_044.png,02_044.png,03_044.png,04_044.png,02_0211044.PNG,0,Train
01_044.png,02_044.png,03_044.png,04_044.png,03_0103044.PNG,0,Train
01_044.png,02_044.png,03_044.png,04_044.png,03_0112044.PNG,0,Train
01_044.png,02_044.png,03_044.png,04_044.png,03_0211044.PNG,0,Train
01_044.png,02_044.png,03_044.png,04_044.png,04_0103044.PNG,0,Train
01_044.png,02_044.png,03_044.png,04_044.png,04_0112044.PNG,0,Train
01_044.png,02_044.png,03_044.png,04_044.png,04_0211044.PNG,0,Train
01_045.png,02_045.png,03_045.png,04_045.png,05_045.png,1,Train
01_045.png,02_045.png,03_045.png,04_045.png,06_045.png,1,Train
01_045.png,02_045.png,03_045.png,04_045.png,07_045.png,1,Train
01_045.png,02_045.png,03_045.png,04_045.png,08_045.png,1,Train
01_045.png,02_045.png,03_045.png,04_045.png,09_045.png,1,Train
01_045.png,02_045.png,03_045.png,04_045.png,10_045.png,1,Train
01_045.png,02_045.png,03_045.png,04_045.png,11_045.png,1,Train
01_045.png,02_045.png,03_045.png,04_045.png,12_045.png,1,Train
01_045.png,02_045.png,03_045.png,04_045.png,01_0111045.PNG,0,Train
01_045.png,02_045.png,03_045.png,04_045.png,01_0116045.PNG,0,Train
01_045.png,02_045.png,03_045.png,04_045.png,01_0205045.PNG,0,Train
01_045.png,02_045.png,03_045.png,04_045.png,02_0111045.PNG,0,Train
01_045.png,02_045.png,03_045.png,04_045.png,02_0116045.PNG,0,Train
01_045.png,02_045.png,03_045.png,04_045.png,02_0205045.PNG,0,Train
01_045.png,02_045.png,03_045.png,04_045.png,03_0111045.PNG,0,Train
01_045.png,02_045.png,03_045.png,04_045.png,03_0116045.PNG,0,Train
01_045.png,02_045.png,03_045.png,04_045.png,03_0205045.PNG,0,Train
01_045.png,02_045.png,03_045.png,04_045.png,04_0111045.PNG,0,Train
01_045.png,02_045.png,03_045.png,04_045.png,04_0116045.PNG,0,Train
01_045.png,02_045.png,03_045.png,04_045.png,04_0205045.PNG,0,Train
01_046.png,02_046.png,03_046.png,04_046.png,05_046.png,1,Train
01_046.png,02_046.png,03_046.png,04_046.png,06_046.png,1,Train
01_046.png,02_046.png,03_046.png,04_046.png,07_046.png,1,Train
01_046.png,02_046.png,03_046.png,04_046.png,08_046.png,1,Train
01_046.png,02_046.png,03_046.png,04_046.png,09_046.png,1,Train
01_046.png,02_046.png,03_046.png,04_046.png,10_046.png,1,Train
01_046.png,02_046.png,03_046.png,04_046.png,11_046.png,1,Train
01_046.png,02_046.png,03_046.png,04_046.png,12_046.png,1,Train
01_046.png,02_046.png,03_046.png,04_046.png,01_0107046.PNG,0,Train
01_046.png,02_046.png,03_046.png,04_046.png,01_0108046.PNG,0,Train
01_046.png,02_046.png,03_046.png,04_046.png,01_0123046.PNG,0,Train
01_046.png,02_046.png,03_046.png,04_046.png,02_0107046.PNG,0,Train
01_046.png,02_046.png,03_046.png,04_046.png,02_0108046.PNG,0,Train
01_046.png,02_046.png,03_046.png,04_046.png,02_0123046.PNG,0,Train
01_046.png,02_046.png,03_046.png,04_046.png,03_0107046.PNG,0,Train
01_046.png,02_046.png,03_046.png,04_046.png,03_0108046.PNG,0,Train
01_046.png,02_046.png,03_046.png,04_046.png,03_0123046.PNG,0,Train
01_046.png,02_046.png,03_046.png,04_046.png,04_0107046.PNG,0,Train
01_046.png,02_046.png,03_046.png,04_046.png,04_0108046.PNG,0,Train
01_046.png,02_046.png,03_046.png,04_046.png,04_0123046.PNG,0,Train
01_047.png,02_047.png,03_047.png,04_047.png,05_047.png,1,Train
01_047.png,02_047.png,03_047.png,04_047.png,06_047.png,1,Train
01_047.png,02_047.png,03_047.png,04_047.png,07_047.png,1,Train
01_047.png,02_047.png,03_047.png,04_047.png,08_047.png,1,Train
01_047.png,02_047.png,03_047.png,04_047.png,09_047.png,1,Train
01_047.png,02_047.png,03_047.png,04_047.png,10_047.png,1,Train
01_047.png,02_047.png,03_047.png,04_047.png,11_047.png,1,Train
01_047.png,02_047.png,03_047.png,04_047.png,12_047.png,1,Train
01_047.png,02_047.png,03_047.png,04_047.png,01_0113047.PNG,0,Train
01_047.png,02_047.png,03_047.png,04_047.png,01_0114047.PNG,0,Train
01_047.png,02_047.png,03_047.png,04_047.png,01_0212047.PNG,0,Train
01_047.png,02_047.png,03_047.png,04_047.png,02_0113047.PNG,0,Train
01_047.png,02_047.png,03_047.png,04_047.png,02_0114047.PNG,0,Train
01_047.png,02_047.png,03_047.png,04_047.png,02_0212047.PNG,0,Train
01_047.png,02_047.png,03_047.png,04_047.png,03_0113047.PNG,0,Train
01_047.png,02_047.png,03_047.png,04_047.png,03_0114047.PNG,0,Train
01_047.png,02_047.png,03_047.png,04_047.png,03_0212047.PNG,0,Train
01_047.png,02_047.png,03_047.png,04_047.png,04_0113047.PNG,0,Train
01_047.png,02_047.png,03_047.png,04_047.png,04_0114047.PNG,0,Train
01_047.png,02_047.png,03_047.png,04_047.png,04_0212047.PNG,0,Train
01_048.png,02_048.png,03_048.png,04_048.png,05_048.png,1,Train
01_048.png,02_048.png,03_048.png,04_048.png,06_048.png,1,Train
01_048.png,02_048.png,03_048.png,04_048.png,07_048.png,1,Train
01_048.png,02_048.png,03_048.png,04_048.png,08_048.png,1,Train
01_048.png,02_048.png,03_048.png,04_048.png,09_048.png,1,Train
01_048.png,02_048.png,03_048.png,04_048.png,10_048.png,1,Train
01_048.png,02_048.png,03_048.png,04_048.png,11_048.png,1,Train
01_048.png,02_048.png,03_048.png,04_048.png,12_048.png,1,Train
01_048.png,02_048.png,03_048.png,04_048.png,01_0106048.PNG,0,Train
01_048.png,02_048.png,03_048.png,04_048.png,01_0204048.PNG,0,Train
01_048.png,02_048.png,03_048.png,04_048.png,02_0106048.PNG,0,Train
01_048.png,02_048.png,03_048.png,04_048.png,02_0204048.PNG,0,Train
01_048.png,02_048.png,03_048.png,04_048.png,03_0106048.PNG,0,Train
01_048.png,02_048.png,03_048.png,04_048.png,03_0204048.PNG,0,Train
01_048.png,02_048.png,03_048.png,04_048.png,04_0106048.PNG,0,Train
01_048.png,02_048.png,03_048.png,04_048.png,04_0204048.PNG,0,Train
